uniqueid,기준분기,상권구분,상권지역,서비스업종,분기매출,분기당매출건수,주중매출금액,주말매출금액
YH0,4분기,발달상권,대림3동사거리,가구,205619535,220,205619535,0
YH1,4분기,발달상권,송파사거리(송파역),시계및귀금속,47289011,156,47289011,0
YH2,4분기,발달상권,상계백병원,가구,3509705,11,3509705,0
YH3,4분기,전통시장,화곡본동시장,가구,6554404,10,6554404,0
YH4,4분기,발달상권,강남을지병원,가구,125073744,108,125073744,0
YH5,4분기,발달상권,당산2동(영등포우체국),부동산중개업,6137998,235,6137998,0
YH6,4분기,발달상권,서촌(경복궁역),시계및귀금속,19387540,11,19387540,0
YH7,4분기,전통시장,창동골목시장,시계및귀금속,47804308,126,43761158,4043150
YH8,4분기,발달상권,내방역,가전제품,12928367,5,12928367,0
YH9,4분기,발달상권,독산동,가전제품,36000000,10,36000000,0
YH10,4분기,발달상권,구로디지털단지역,시계및귀금속,141507676,998,112423921,29083755
YH11,4분기,발달상권,대학로(혜화역),시계및귀금속,55734816,476,38624291,17110525
YH12,4분기,발달상권,목동신시가지,가구,1194000000,436,1194000000,0
YH13,4분기,발달상권,교대입구교차로,부동산중개업,20000000,8,20000000,0
YH14,4분기,발달상권,월곡역,시계및귀금속,20211937,177,19984837,227100
YH15,4분기,발달상권,롯데백화점(시청광장 지하쇼핑센터),시계및귀금속,8913898632,6249,5856252426,3057646206
YH16,4분기,전통시장,남문시장,시계및귀금속,27888379,46,26099388,1788991
YH17,4분기,발달상권,신정네거리역,시계및귀금속,112154005,364,100592374,11561631
YH18,4분기,전통시장,관악중부시장,시계및귀금속,45385576,179,32992034,12393542
YH19,4분기,발달상권,신정네거리역,가구,1382969118,1370,678589743,704379375
YH20,4분기,전통시장,은행나무시장,시계및귀금속,4292670,15,135120,4157550
YH21,4분기,발달상권,강변역(테크노마트),시계및귀금속,312157595,1944,252502577,59655018
YH22,4분기,전통시장,밤나무골시장,시계및귀금속,4506392,48,1999444,2506948
YH23,4분기,전통시장,회기시장,가전제품,6524062,92,6524062,0
YH24,4분기,발달상권,홍제역,가구,69576839,224,28978875,40597964
YH25,4분기,전통시장,화곡본동시장,시계및귀금속,42382304,146,42382304,0
YH26,4분기,전통시장,송화벽화시장(송화골목시장),시계및귀금속,24175674,136,23954763,220911
YH27,4분기,전통시장,목사랑시장(목4동시장),시계및귀금속,15576215,246,15506052,70163
YH28,4분기,전통시장,고덕 골목형상점가,시계및귀금속,8926698,123,4102558,4824140
YH29,4분기,발달상권,서울남부지방법원,가전제품,651268770,743,440025867,211242903
YH30,4분기,골목상권,신성초등학교,가구,14645178,88,3740544,10904634
YH31,4분기,골목상권,외대앞역 1번,가구,7484019,9,7484019,0
YH32,4분기,골목상권,성수초등학교,가전제품,34370642,92,34370642,0
YH33,4분기,발달상권,목동신시가지,가전제품,4811641,28,4137875,673766
YH34,4분기,발달상권,광화문역,시계및귀금속,29934412,377,29934412,0
YH35,4분기,발달상권,신설동역,시계및귀금속,56566275,283,51805371,4760904
YH36,4분기,발달상권,한성대입구역,시계및귀금속,3292602,171,3292602,0
YH37,4분기,발달상권,종로4가,시계및귀금속,16342701474,18884,12059287323,4283414151
YH38,4분기,전통시장,우림골목시장,시계및귀금속,6390032,45,5656130,733902
YH39,4분기,골목상권,구산보건지소,가구,18976042,136,18976042,0
YH40,4분기,발달상권,홍제역,시계및귀금속,71860126,393,64175813,7684313
YH41,4분기,발달상권,중구청(퇴계로4가),가구,3749284543,6782,3562674864,186609679
YH42,4분기,전통시장,백학시장,시계및귀금속,2046385,10,2046385,0
YH43,4분기,전통시장,노룬산시장(노룬산골목시장),시계및귀금속,32877277,159,29988627,2888650
YH44,4분기,발달상권,충정로역,시계및귀금속,6978610,48,6978610,0
YH45,4분기,골목상권,신월1동주민센터,가구,11896601,40,4598686,7297915
YH46,4분기,발달상권,을지로4가역,시계및귀금속,7736341,88,7300491,435850
YH47,4분기,발달상권,종로4가,가전제품,53340326,95,53221611,118715
YH48,4분기,발달상권,성수역,시계및귀금속,5164586,7,0,5164586
YH49,4분기,전통시장,고척근린시장,시계및귀금속,9582017,37,9582017,0
YH50,4분기,발달상권,종각역,시계및귀금속,2302641872,10953,1808959360,493682512
YH51,4분기,발달상권,서울역,시계및귀금속,83269417,7351,75454255,7815162
YH52,4분기,골목상권,홍릉시장,시계및귀금속,217447,9,217447,0
YH53,4분기,발달상권,고덕역,가구,10626981,50,10626981,0
YH54,4분기,발달상권,한티역,시계및귀금속,6969571,8,6969571,0
YH55,4분기,전통시장,남부종합시장,시계및귀금속,7000000,5,7000000,0
YH56,4분기,발달상권,구의사거리,가구,84998697,366,71106437,13892260
YH57,4분기,골목상권,중암중학교,가전제품,298643,36,210807,87836
YH58,4분기,발달상권,상수역(홍대),가구,219254203,232,117157259,102096944
YH59,4분기,발달상권,화곡역,가전제품,76546526,1529,65201429,11345097
YH60,4분기,골목상권,노원초등학교,가전제품,16162513,14,7136694,9025819
YH61,4분기,발달상권,신논현역,가구,213574324,514,77195539,136378785
YH62,4분기,발달상권,신도림역,가구,3090744269,3077,1395079473,1695664796
YH63,4분기,발달상권,왕십리역(왕십리),시계및귀금속,372668053,4805,213468112,159199941
YH64,4분기,발달상권,뱅뱅사거리,시계및귀금속,8795940,118,8714336,81604
YH65,4분기,발달상권,암사역,시계및귀금속,1827644,108,1671975,155669
YH66,4분기,발달상권,학동역,시계및귀금속,15000000,97,11564199,3435801
YH67,4분기,발달상권,등촌역,시계및귀금속,12555607,50,12555607,0
YH68,4분기,발달상권,장안동사거리,가구,6898488,70,5369442,1529046
YH69,4분기,전통시장,로데오거리상점가,시계및귀금속,336432341,1252,220872455,115559886
YH70,4분기,발달상권,문래역(문래로데오거리),시계및귀금속,641041365,3460,567636114,73405251
YH71,4분기,전통시장,"동원전통종합시장(동원시장, 동원전통시장 상점가)",시계및귀금속,83155132,236,69423485,13731647
YH72,4분기,발달상권,화곡역,시계및귀금속,37615448,106,28777507,8837941
YH73,4분기,전통시장,대조시장,시계및귀금속,17773137,38,773137,17000000
YH74,4분기,발달상권,신사역,가구,894000000,10568,549433088,344566912
YH75,4분기,발달상권,문정역,가구,1738217932,480,1738217932,0
YH76,4분기,발달상권,포스코사거리,가전제품,3891000000,108432,3680709841,210290159
YH77,4분기,발달상권,서울세관,가구,95958240,19,0,95958240
YH78,4분기,발달상권,장지역(가든파이브),시계및귀금속,211415030,2944,36663112,174751918
YH79,4분기,발달상권,경찰병원역,시계및귀금속,18318400,99,12603721,5714679
YH80,4분기,발달상권,서울대입구역,가전제품,2182508291,6999,1515830691,666677600
YH81,4분기,발달상권,삼성중앙역,가구,1063964123,580,348445235,715518888
YH82,4분기,발달상권,서래마을카페거리(서래마을),가구,422934374,1653,232888540,190045834
YH83,4분기,발달상권,학동사거리,시계및귀금속,463012802,260,383415303,79597499
YH84,4분기,전통시장,쌍문시장(쌍문역골목시장),시계및귀금속,18954199,63,14595177,4359022
YH85,4분기,전통시장,아현가구거리상점가,가구,4063571700,4351,2750112309,1313459391
YH86,4분기,전통시장,중랑동부시장,시계및귀금속,7532991,28,3528920,4004071
YH87,4분기,전통시장,방천골목시장,시계및귀금속,218813908,128,217034347,1779561
YH88,4분기,전통시장,전곡시장,시계및귀금속,6309649,31,2878351,3431298
YH89,4분기,전통시장,사가정시장,시계및귀금속,24912860,116,18345242,6567618
YH90,4분기,전통시장,우림골목시장,가전제품,22054277,264,16905257,5149020
YH91,4분기,전통시장,도화동 상점가,시계및귀금속,209340025,570,180015219,29324806
YH92,4분기,전통시장,창동신창시장,시계및귀금속,76742172,183,19404865,57337307
YH93,4분기,전통시장,고척근린시장,가구,394154867,843,200059783,194095084
YH94,4분기,전통시장,우림골목시장,가구,81657009,346,56595681,25061328
YH95,4분기,전통시장,행당시장상점가,시계및귀금속,53330383,197,37766658,15563725
YH96,4분기,전통시장,인현시장,시계및귀금속,3989704,103,3346204,643500
YH97,4분기,발달상권,석촌고분역,시계및귀금속,7187088,91,4792087,2395001
YH98,4분기,발달상권,잠실역,시계및귀금속,1900109138,3581,1815491478,84617660
YH99,4분기,전통시장,신곡종합시장(신월6동 골목시장),시계및귀금속,73254504,367,57207687,16046817
YH100,4분기,전통시장,전농로터리시장,가구,17990379,39,11544629,6445750
YH101,4분기,전통시장,소공지하도상가,시계및귀금속,149234097,1931,149234097,0
YH102,4분기,전통시장,수일시장,시계및귀금속,87074328,209,86979154,95174
YH103,4분기,전통시장,"솔샘시장(미아6,7동골목시장)",시계및귀금속,113565766,506,93203993,20361773
YH104,4분기,전통시장,공릉동 도깨비시장,시계및귀금속,4235599,31,1429190,2806409
YH105,4분기,전통시장,회기시장,시계및귀금속,12866418,276,10417315,2449103
YH106,4분기,전통시장,장위전통시장,시계및귀금속,27868161,61,23570097,4298064
YH107,4분기,전통시장,서울중앙시장(신중앙시장),가구,14171216036,25790,12989602982,1181613054
YH108,4분기,전통시장,불광먹자골목 골목형상점가,시계및귀금속,39886692,208,37107610,2779082
YH109,4분기,전통시장,암사종합시장,시계및귀금속,14272120,78,12755969,1516151
YH110,4분기,전통시장,왕십리도선동상점가,시계및귀금속,38137180,101,35564618,2572562
YH111,4분기,전통시장,신영시장,시계및귀금속,38325399,283,27994079,10331320
YH112,4분기,전통시장,제일평화시장,시계및귀금속,152533333,320,152533333,0
YH113,4분기,골목상권,암사역 1번,시계및귀금속,89964006,282,78563114,11400892
YH114,4분기,전통시장,까치산시장,시계및귀금속,103421501,526,60045218,43376283
YH115,4분기,전통시장,선유도역 골목형상점가,시계및귀금속,723817581,1171,714474818,9342763
YH116,4분기,전통시장,영등포유통상가,가전제품,183693709,750,111018790,72674919
YH117,4분기,전통시장,중부시장(신중부시장),가구,7059804848,158652,6933247891,126556957
YH118,4분기,전통시장,"동원전통종합시장(동원시장, 동원전통시장 상점가)",가구,210334953,591,166979976,43354977
YH119,4분기,전통시장,방이시장,시계및귀금속,25896817,210,16882710,9014107
YH120,4분기,전통시장,엔터식스 강남점,시계및귀금속,2781460,6,2781460,0
YH121,4분기,전통시장,고척골목시장상점가(그라운드 고척),시계및귀금속,15493220,30,9498526,5994694
YH122,4분기,전통시장,석촌시장,시계및귀금속,123046875,148,111662947,11383928
YH123,4분기,전통시장,남성사계시장(남성시장),시계및귀금속,85750412,549,74149294,11601118
YH124,4분기,전통시장,미성동 도깨비시장 골목형상점가,시계및귀금속,17102798,67,16369821,732977
YH125,4분기,전통시장,관악신사시장,시계및귀금속,24280012,178,17726317,6553695
YH126,4분기,골목상권,신월3동주민센터,시계및귀금속,4005055,59,2635342,1369713
YH127,4분기,전통시장,문정동 로데오거리 상점가(문정동 로데오거리),시계및귀금속,2952900,114,2952900,0
YH128,4분기,전통시장,상도도깨비 골목형상점가,시계및귀금속,1951890,69,1264605,687285
YH129,4분기,관광특구,명동 남대문 북창동 다동 무교동 관광특구,시계및귀금속,16332953988,77525,12451241719,3881712269
YH130,4분기,관광특구,명동 남대문 북창동 다동 무교동 관광특구,가구,17579569,91,17579569,0
YH131,4분기,골목상권,면목동우체국,가전제품,29437639,721,24374291,5063348
YH132,4분기,골목상권,암사역 2번(서울강동초등학교),시계및귀금속,369414,14,369414,0
YH133,4분기,골목상권,금천금빛공원(은행나무사거리서측),가구,25498891,133,23414634,2084257
YH134,4분기,골목상권,창2동주민센터,시계및귀금속,7354153,18,5046968,2307185
YH135,4분기,골목상권,염곡동 구룡사(포이동성당),가구,73000000,35,73000000,0
YH136,4분기,골목상권,서강대역 1번,가전제품,289859,9,0,289859
YH137,4분기,골목상권,포이초등학교(개포목련어린이공원),가구,378514001,6730,127142567,251371434
YH138,4분기,골목상권,문성초등학교,가구,155465012,397,102742733,52722279
YH139,4분기,골목상권,하나고등학교,가구,2000000,28,1729730,270270
YH140,4분기,골목상권,인수동 우편취급국,가구,104761584,256,66504158,38257426
YH141,4분기,골목상권,수락산역 4번,시계및귀금속,87187,9,0,87187
YH142,4분기,골목상권,양지어린이공원,시계및귀금속,21143296,125,20169957,973339
YH143,4분기,골목상권,방학초등학교,시계및귀금속,46076760,330,45017380,1059380
YH144,4분기,골목상권,경춘선숲길 우측,시계및귀금속,3762802,70,3762802,0
YH145,4분기,골목상권,포이초등학교(개포목련어린이공원),가전제품,202607899,861,202607899,0
YH146,4분기,골목상권,중화역 4번,시계및귀금속,9210426,54,2524140,6686286
YH147,4분기,골목상권,먹골역 1번,가구,246844782,329,140375295,106469487
YH148,4분기,골목상권,구산역 1번,가구,169288173,248,118852728,50435445
YH149,4분기,골목상권,숭곡초등학교,시계및귀금속,53832632,52,53283157,549475
YH150,4분기,골목상권,인헌고등학교(인헌중학교),시계및귀금속,39455642,350,32601844,6853798
YH151,4분기,골목상권,장안중학교,시계및귀금속,42530466,97,27897116,14633350
YH152,4분기,골목상권,새절역 2번,시계및귀금속,10124007,30,10124007,0
YH153,4분기,골목상권,삼양입구사거리,가구,1729858,6,1729858,0
YH154,4분기,골목상권,도봉구보건소,시계및귀금속,83105026,655,81314532,1790494
YH155,4분기,골목상권,수유시장옆,시계및귀금속,3845488,36,3845488,0
YH156,4분기,골목상권,수송초등학교,가구,2561654,21,2561654,0
YH157,4분기,골목상권,상계역,시계및귀금속,553846,38,553846,0
YH158,4분기,골목상권,구산보건지소,시계및귀금속,573099,164,573099,0
YH159,4분기,골목상권,러스크서울병원,시계및귀금속,16550940,60,11569749,4981191
YH160,4분기,골목상권,중랑역 1번,가구,625933,28,625933,0
YH161,4분기,골목상권,망우본동주민센터,시계및귀금속,31004447,190,30549459,454988
YH162,4분기,골목상권,종암동주민센터,시계및귀금속,93851563,1059,55414063,38437500
YH163,4분기,골목상권,건대입구역 6번,시계및귀금속,15858542,116,15858542,0
YH164,4분기,골목상권,등촌3동주민센터,시계및귀금속,21148540,348,18704022,2444518
YH165,4분기,골목상권,응암정보도서관,가전제품,765683,23,765683,0
YH166,4분기,골목상권,경신고등학교,시계및귀금속,22461341,170,6854606,15606735
YH167,4분기,골목상권,홍릉시장,가전제품,2282727273,3182,2075909091,206818182
YH168,4분기,골목상권,염창역 2번,가전제품,40724,14,20362,20362
YH169,4분기,골목상권,장안1동주민센터,가전제품,189667944,631,164752347,24915597
YH170,4분기,골목상권,양천향교역 5번,가구,1071073629,1335,1071073629,0
YH171,4분기,골목상권,뜸부기어린이공원,시계및귀금속,72166,8,72166,0
YH172,4분기,골목상권,해방촌예술마을,가전제품,50449379,459,48845051,1604328
YH173,4분기,골목상권,동묘앞역 2번,시계및귀금속,10024822,28,10024822,0
YH174,4분기,골목상권,해오름공원,가구,58923803,474,40460660,18463143
YH175,4분기,골목상권,연희임광아파트,가구,138835979,116,0,138835979
YH176,4분기,골목상권,논현2동주민센터,가전제품,5062587,6,0,5062587
YH177,4분기,골목상권,방화역 3번,시계및귀금속,39982072,714,38248824,1733248
YH178,4분기,골목상권,명지대학교교회,시계및귀금속,148352,15,0,148352
YH179,4분기,골목상권,태릉시장 특화거리,가전제품,45031660,292,35183095,9848565
YH180,4분기,골목상권,청담초등학교,시계및귀금속,3016993308,3037,1675597792,1341395516
YH181,4분기,골목상권,마천역(마천초등학교),시계및귀금속,75480164,385,35554838,39925326
YH182,4분기,골목상권,장훈고등학교,가구,8975715,102,8975715,0
YH183,4분기,골목상권,대청초등학교,시계및귀금속,138158488,277,133289889,4868599
YH184,4분기,골목상권,대림성모병원,시계및귀금속,7458209,113,7032836,425373
YH185,4분기,골목상권,성수119안전센터,시계및귀금속,9961064,20,9927463,33601
YH186,4분기,골목상권,삼성중앙역 7번,시계및귀금속,5000000,11,5000000,0
YH187,4분기,골목상권,남영역 1번,가전제품,199744817,99,199744817,0
YH188,4분기,골목상권,오류2동버들시장,시계및귀금속,26980085,82,26850946,129139
YH189,4분기,골목상권,목동보건지소,시계및귀금속,7914926,211,6810518,1104408
YH190,4분기,골목상권,아현역 2번,시계및귀금속,1926339,45,1808504,117835
YH191,4분기,골목상권,자양4동주민센터,시계및귀금속,12000000,8,12000000,0
YH192,4분기,골목상권,성수동카페거리,가전제품,7012923,151,7012923,0
YH193,4분기,골목상권,독산동정훈단지,가구,10971389,30,10971389,0
YH194,4분기,골목상권,신정역 5번,시계및귀금속,12340624,56,12340624,0
YH195,4분기,골목상권,강동역 4번(강풀만화거리),가전제품,28429038,93,28429038,0
YH196,4분기,골목상권,금산초등학교(금천고등학교),시계및귀금속,31355482,80,29295681,2059801
YH197,4분기,골목상권,성자초등학교,가구,17331640,76,15746009,1585631
YH198,4분기,골목상권,남구로역 3번,가구,205745160,473,142773526,62971634
YH199,4분기,골목상권,구반포역,시계및귀금속,395785980,2013,395785980,0
YH200,4분기,골목상권,중앙고등학교,시계및귀금속,424063285,6327,222450247,201613038
YH201,4분기,골목상권,NH농협은행 상도동지점,시계및귀금속,46620811,221,38835097,7785714
YH202,4분기,골목상권,영등포역 2번,부동산중개업,14130841,1794,10093458,4037383
YH203,4분기,발달상권,독산동,가구,535147679,98,535147679,0
YH204,4분기,골목상권,도봉역 2번,가전제품,51000001,771,48171430,2828571
YH205,4분기,발달상권,양재화물트럭터미널앞,가전제품,557376338,93,557376338,0
YH206,4분기,골목상권,방배아이파크아파트,가구,1228824787,2443,771254034,457570753
YH207,4분기,골목상권,구로디지털단지역 4번,가구,32090444,116,28033032,4057412
YH208,4분기,골목상권,자양한강도서관,시계및귀금속,22244995,74,15057197,7187798
YH209,4분기,골목상권,삼전역 4번,시계및귀금속,2818266,65,2560890,257376
YH210,4분기,골목상권,이수역 10번,가구,1185824176,272,1185824176,0
YH211,4분기,발달상권,연희동,시계및귀금속,14789775,65,11555301,3234474
YH212,4분기,골목상권,신대방삼거리역 3번,가구,20074361,71,19721146,353215
YH213,4분기,발달상권,오금역,가전제품,17358782,49,17358782,0
YH214,4분기,골목상권,광진정말공원,가구,5752508,54,3478261,2274247
YH215,4분기,골목상권,신월문화체육센터,시계및귀금속,8552874,16,8552874,0
YH216,4분기,골목상권,벌말어린이공원,시계및귀금속,414871,40,414871,0
YH217,4분기,발달상권,구로디지털단지,가전제품,158354315,264,134377799,23976516
YH218,4분기,골목상권,신월시영아파트중문,가구,130001668,157,13788055,116213613
YH219,4분기,발달상권,잠실새내역(신천),시계및귀금속,167774249,1117,116968908,50805341
YH220,4분기,발달상권,방배역,가구,8249588,14,0,8249588
YH221,4분기,발달상권,미아사거리역,가전제품,546197909,7845,427750179,118447730
YH222,4분기,발달상권,수유역,시계및귀금속,310946253,1266,226910845,84035408
YH223,4분기,발달상권,본서부병원,가구,16120519,69,10234408,5886111
YH224,4분기,발달상권,창동역,시계및귀금속,109056453,459,105671638,3384815
YH225,4분기,발달상권,홍대입구역(홍대),가구,808000000,547,270412214,537587786
YH226,4분기,발달상권,도산공원교차로,가구,1268107264,825,623390817,644716447
YH227,4분기,골목상권,석촌중학교(방이육교),가전제품,390274630,6982,342280993,47993637
YH228,4분기,발달상권,노량진역(노량진),가구,459773672,644,216928407,242845265
YH229,4분기,발달상권,가로수길,시계및귀금속,290732707,1865,110242476,180490231
YH230,4분기,발달상권,신설동역,가전제품,37919344,147,0,37919344
YH231,4분기,발달상권,월드컵경기장역(월드컵경기장),시계및귀금속,93472390,1519,57516534,35955856
YH232,4분기,발달상권,구로전화국,시계및귀금속,77592447,426,77592447,0
YH233,4분기,발달상권,서울대입구역,가구,48979663,238,35251799,13727864
YH234,4분기,발달상권,길동역,가구,5418126,166,4977081,441045
YH235,4분기,발달상권,신림역(신림),시계및귀금속,99761637,1560,64383422,35378215
YH236,4분기,발달상권,천호역,시계및귀금속,915479417,1525,604511320,310968097
YH237,4분기,발달상권,인사동,가전제품,43099594,125,42891081,208513
YH238,4분기,발달상권,을지로4가역,가구,4433314507,4983,4238756418,194558089
YH239,4분기,발달상권,청담사거리(청담동명품거리),시계및귀금속,3148658348,5267,1984780646,1163877702
YH240,4분기,발달상권,등촌역,부동산중개업,427982,96,213991,213991
YH241,4분기,발달상권,합정역,시계및귀금속,147910729,475,135860288,12050441
YH242,4분기,발달상권,어린이대공원역,시계및귀금속,41091671,92,27497686,13593985
YH243,4분기,발달상권,장한평역(장한평),시계및귀금속,22718023,180,12419415,10298608
YH244,4분기,발달상권,신용산역(용산역),가전제품,5232417971,12962,3058457816,2173960155
YH245,4분기,발달상권,성북구청,가전제품,100439368,826,82671370,17767998
YH246,4분기,발달상권,선릉역,시계및귀금속,12122401,10,856229,11266172
YH247,4분기,발달상권,성신여대,가구,32814259,198,32814259,0
YH248,4분기,발달상권,"신촌역(신촌역, 신촌로터리)",가전제품,5230416,9,0,5230416
YH249,4분기,발달상권,삼각지역,부동산중개업,35933333,73,35933333,0
YH250,4분기,발달상권,목동신시가지,시계및귀금속,342211719,2644,174218283,167993436
YH251,4분기,발달상권,강변역(테크노마트),가전제품,8142092517,19381,5940690297,2201402220
YH252,4분기,발달상권,강변역(테크노마트),가구,1702897751,1869,799026812,903870939
YH253,4분기,발달상권,삼청동,가구,118396942,355,118396942,0
YH254,4분기,전통시장,본동인정시장(기능상실),가전제품,644828,19,644828,0
YH255,4분기,전통시장,영등포역지하도상점가,시계및귀금속,1436111558,2173,1210467922,225643636
YH256,4분기,전통시장,인헌시장(원당종합시장),시계및귀금속,6509467,72,5888950,620517
YH257,4분기,발달상권,아차산역,가구,193373146,776,192711123,662023
YH258,4분기,발달상권,사가정역,시계및귀금속,20912488,90,19215604,1696884
YH259,4분기,발달상권,상봉역,시계및귀금속,255367965,696,172051490,83316475
YH260,4분기,전통시장,장미원골목시장,시계및귀금속,40009825,298,20271263,19738562
YH261,4분기,발달상권,여의도역(여의도),부동산중개업,160347583,675,160347583,0
YH262,4분기,발달상권,삼청동,시계및귀금속,18982167,251,6444015,12538152
YH263,4분기,발달상권,충무로역,시계및귀금속,92570798,262,92570798,0
YH264,4분기,발달상권,동대문역사문화공원역,시계및귀금속,49668864,112,49613181,55683
YH265,4분기,발달상권,가산디지털단지,시계및귀금속,109564162,1643,84538430,25025732
YH266,4분기,발달상권,대림3동사거리,시계및귀금속,5820854,50,4696051,1124803
YH267,4분기,발달상권,교육개발원입구사거리,가전제품,146221813,3458,146221813,0
YH268,4분기,발달상권,사당역(사당),가구,1170000000,12252,922418498,247581502
YH269,4분기,발달상권,포이사거리(삼호물산),가전제품,38043771,446,38043771,0
YH270,4분기,발달상권,구로구청,가전제품,108000000,444,72846722,35153278
YH271,4분기,발달상권,남부터미널역,시계및귀금속,98788707,2278,91749273,7039434
YH272,4분기,발달상권,석촌고분역,가구,391507350,244,258631504,132875846
YH273,4분기,발달상권,코엑스,가구,8512320761,3912,5431244041,3081076720
YH274,4분기,발달상권,목동역 8번출구,가구,63884297,91,30826446,33057851
YH275,4분기,발달상권,성수역,가전제품,42000000,45,24821559,17178441
YH276,4분기,발달상권,가산디지털단지,가구,67900416,265,67900416,0
YH277,4분기,전통시장,뚝도시장,시계및귀금속,45634118,182,45634118,0
YH278,4분기,전통시장,난곡 골목형상점가,시계및귀금속,10745152,7,9000000,1745152
YH279,4분기,전통시장,남대문시장(자유상가),시계및귀금속,2765170164,64826,1961430387,803739777
YH280,4분기,발달상권,대치역,시계및귀금속,127266397,720,121738940,5527457
YH281,4분기,발달상권,여의도역(여의도),가전제품,3335486,6,3335486,0
YH282,4분기,발달상권,역삼역,가구,26774608,159,6355004,20419604
YH283,4분기,발달상권,신도림역,가전제품,1328770214,7460,970618747,358151467
YH284,4분기,전통시장,강북북부골목시장,시계및귀금속,10330478,42,7562768,2767710
YH285,4분기,발달상권,교대역(법원.검찰청),부동산중개업,160606,32,160606,0
YH286,4분기,발달상권,구역삼세무서,가구,458263631,258,40643856,417619775
YH287,4분기,전통시장,창신골목시장,시계및귀금속,8960302,46,5103970,3856332
YH288,4분기,발달상권,대치사거리,가구,1313508573,1785,914014743,399493830
YH289,4분기,전통시장,성동용답상가시장,시계및귀금속,84295271,354,52636411,31658860
YH290,4분기,전통시장,수유프라자,가구,60770432,233,37674864,23095568
YH291,4분기,발달상권,서울세관,시계및귀금속,287995392,2330,287677543,317849
YH292,4분기,전통시장,청량리전통시장,가전제품,42211283,428,40785914,1425369
YH293,4분기,전통시장,월정로시장,시계및귀금속,38864687,73,23521620,15343067
YH294,4분기,전통시장,동묘시장(동묘벼룩시장),가전제품,30134873,614,30134873,0
YH295,4분기,전통시장,비단길현대시장(현대시장),시계및귀금속,243357543,312,213119060,30238483
YH296,4분기,전통시장,전곡시장,가전제품,192729548,637,185566360,7163188
YH297,4분기,전통시장,삼양골목시장(삼양시장),시계및귀금속,2079117,12,2079117,0
YH298,4분기,전통시장,대림상가(청계상가),가전제품,6264218499,15184,6249794192,14424307
YH299,4분기,전통시장,"남부골목시장(남부화곡시장, 남부시장)",시계및귀금속,85995144,303,82293846,3701298
YH300,4분기,전통시장,신당 미래유산 먹거리 골목형상점가,시계및귀금속,401135,7,401135,0
YH301,4분기,전통시장,후암시장,시계및귀금속,20807259,71,20807259,0
YH302,4분기,발달상권,"총신대입구역(이수, 총신대)",가전제품,501030747,1665,370900832,130129915
YH303,4분기,전통시장,능동로골목시장,시계및귀금속,105799591,279,99163007,6636584
YH304,4분기,전통시장,목동깨비시장(목3동시장),가구,37879909,170,29722251,8157658
YH305,4분기,발달상권,선릉역,가구,637254848,25091,479039180,158215668
YH306,4분기,전통시장,신정1동 골목시장(신정제일시장),시계및귀금속,1275322,38,1243117,32205
YH307,4분기,전통시장,종로신진시장,시계및귀금속,6715313,168,3547712,3167601
YH308,4분기,전통시장,세운상가가동,가전제품,2695149344,17761,2494384361,200764983
YH309,4분기,발달상권,왕십리역(왕십리),가구,360000000,503,278167140,81832860
YH310,4분기,전통시장,중랑동부시장(중랑교종합상가),시계및귀금속,6945345,51,5933446,1011899
YH311,4분기,전통시장,신영시장,가구,24094240,253,19347126,4747114
YH312,4분기,전통시장,홍대 걷고싶은 거리,시계및귀금속,116578500,1001,74453894,42124606
YH313,4분기,전통시장,정릉아리랑시장,가구,78661631,100,78661631,0
YH314,4분기,전통시장,관악중부시장,가구,181691563,306,114941439,66750124
YH315,4분기,전통시장,독산동 맛나는거리상점가(독산동 맛나는거리),시계및귀금속,66074027,46,63003461,3070566
YH316,4분기,전통시장,화곡중앙시장,가구,28524590,35,11690405,16834185
YH317,4분기,전통시장,중랑동부시장,가전제품,165730106,570,130573665,35156441
YH318,4분기,전통시장,월정로시장,가구,5485604,91,5097673,387931
YH319,4분기,전통시장,신아타운,시계및귀금속,14438670,69,14189297,249373
YH320,4분기,전통시장,남대문시장(자유상가),가전제품,235869735,1060,218195565,17674170
YH321,4분기,전통시장,목동깨비시장(목3동시장),시계및귀금속,80478,10,80478,0
YH322,4분기,전통시장,답십리현대시장,가구,6937202,88,6937202,0
YH323,4분기,전통시장,마천중앙시장,가전제품,28254638,357,19261278,8993360
YH324,4분기,전통시장,방이시장,가구,35089774,97,15245902,19843872
YH325,4분기,전통시장,개봉중앙시장,시계및귀금속,26664738,85,25511697,1153041
YH326,4분기,전통시장,동남상가,시계및귀금속,193931095,625,175451495,18479600
YH327,4분기,전통시장,서원동상점가,시계및귀금속,185736900,1044,100075543,85661357
YH328,4분기,전통시장,사당1동먹자골목상점가(사당1동먹자골목),부동산중개업,14537321,73,0,14537321
YH329,4분기,전통시장,숭례문수입상가(남대문시장),시계및귀금속,732093575,608,721136824,10956751
YH330,4분기,전통시장,도림시장,시계및귀금속,19570954,99,19262459,308495
YH331,4분기,전통시장,우리시장,시계및귀금속,2505800,11,0,2505800
YH332,4분기,관광특구,동대문패션타운 관광특구,가전제품,32678986,587,31641997,1036989
YH333,4분기,관광특구,강남 마이스 관광특구,가구,8512320761,3912,5431244041,3081076720
YH334,4분기,전통시장,새마을시장,시계및귀금속,34367095,93,5499647,28867448
YH335,4분기,전통시장,대림중앙 골목형상점가,부동산중개업,14110341,470,14110341,0
YH336,4분기,전통시장,공덕시장,시계및귀금속,6509338,183,6234296,275042
YH337,4분기,전통시장,숭인시장,시계및귀금속,84404232,221,4282540,80121692
YH338,4분기,골목상권,먹골역 5번,가구,162156889,417,103815785,58341104
YH339,4분기,전통시장,남구로시장,가구,35712656,135,11845288,23867368
YH340,4분기,전통시장,연서시장,시계및귀금속,38767140,246,30845934,7921206
YH341,4분기,전통시장,영림시장,부동산중개업,712469304,6505,712469304,0
YH342,4분기,전통시장,도곡시장,가구,8397528,54,4424504,3973024
YH343,4분기,전통시장,까치산시장,가전제품,5403251,201,4312266,1090985
YH344,4분기,관광특구,종로?청계 관광특구,시계및귀금속,12515350585,19070,8205789452,4309561133
YH345,4분기,관광특구,종로?청계 관광특구,가전제품,2782015757,18313,2570842356,211173401
YH346,4분기,관광특구,이태원 관광특구,시계및귀금속,543945287,1069,315267355,228677932
YH347,4분기,골목상권,만리재,시계및귀금속,7951615,55,5163139,2788476
YH348,4분기,골목상권,아차산역 1번,가전제품,47227873,472,44368834,2859039
YH349,4분기,골목상권,시흥초등학교(시흥1동우체국),시계및귀금속,25449586,50,25449586,0
YH350,4분기,골목상권,광진정말공원,시계및귀금속,68290861,293,67452164,838697
YH351,4분기,골목상권,개봉1동주민센터,가구,98471220,287,55059178,43412042
YH352,4분기,골목상권,시흥초등학교(시흥1동우체국),가구,39363504,52,21261314,18102190
YH353,4분기,골목상권,푸른들청소년도서관,시계및귀금속,20400150,108,6473354,13926796
YH354,4분기,골목상권,남구로역 5번,가전제품,2882499,82,378842,2503657
YH355,4분기,골목상권,독산동성당,시계및귀금속,8593064,39,3957901,4635163
YH356,4분기,골목상권,서초소방서,가구,276000000,160,107556941,168443059
YH357,4분기,골목상권,영서중학교,시계및귀금속,27858494,97,27858494,0
YH358,4분기,골목상권,방학1동주민센터,가전제품,498362,11,498362,0
YH359,4분기,골목상권,수락산디자인거리,시계및귀금속,5686158,64,5608485,77673
YH360,4분기,골목상권,행당역 2번,시계및귀금속,86286969,142,83262477,3024492
YH361,4분기,골목상권,수락산역 4번,가구,9754678,8,9754678,0
YH362,4분기,골목상권,방학역 1번,가전제품,1917592825,9513,1642630759,274962066
YH363,4분기,골목상권,쌍문역1번(쌍리단길),시계및귀금속,13734463,56,12491525,1242938
YH364,4분기,골목상권,신창초등학교,가구,10340717,51,6363518,3977199
YH365,4분기,골목상권,역촌노인복지관,시계및귀금속,475305,12,475305,0
YH366,4분기,골목상권,길음역 8번,가구,714482,7,714482,0
YH367,4분기,골목상권,수락산역 4번,가전제품,117000000,379,60429891,56570109
YH368,4분기,골목상권,장스여성병원,가전제품,6000000,26,5446372,553628
YH369,4분기,골목상권,종암아이파크2차,시계및귀금속,4167759,70,2622299,1545460
YH370,4분기,골목상권,은평세무서,가구,58572576,218,48931749,9640827
YH371,4분기,골목상권,연신내역 3번,가구,349789750,916,266565922,83223828
YH372,4분기,골목상권,상월곡역 1번,가전제품,196189743,823,80482106,115707637
YH373,4분기,골목상권,시립서북병원,시계및귀금속,7168133,88,1185457,5982676
YH374,4분기,골목상권,남가좌파출소,시계및귀금속,18485102,131,11096319,7388783
YH375,4분기,골목상권,망우역 1번,가전제품,3288416308,8114,2140008155,1148408153
YH376,4분기,골목상권,전농1동주민센터(전농시장),가구,5272727,128,0,5272727
YH377,4분기,골목상권,면목역 3번,시계및귀금속,3705090,7,3705090,0
YH378,4분기,골목상권,신내1동주민센터,가전제품,2815954,35,2815954,0
YH379,4분기,골목상권,상봉역 4번,부동산중개업,6769231,21,6769231,0
YH380,4분기,골목상권,고려대역 4번,가구,873599,43,276995,596604
YH381,4분기,골목상권,영신초등학교,가전제품,224504173,932,224504173,0
YH382,4분기,골목상권,석촌고분역 1번,가구,111554204,55,0,111554204
YH383,4분기,골목상권,동교초등학교,시계및귀금속,8544296,146,4004632,4539664
YH384,4분기,골목상권,양천향교역 5번,가전제품,22276389,143,18102112,4174277
YH385,4분기,골목상권,금호삼성래미안아파트,시계및귀금속,8943282,15,1823093,7120189
YH386,4분기,골목상권,둔촌동역 1번(한산중학교),시계및귀금속,4654952,108,4538104,116848
YH387,4분기,골목상권,신월2동주민센터,가구,20000000,24,0,20000000
YH388,4분기,골목상권,화곡역 4번,시계및귀금속,1406294,10,0,1406294
YH389,4분기,골목상권,화곡2동주민센터,가구,29445225,64,14880074,14565151
YH390,4분기,골목상권,화원중학교,시계및귀금속,13567388,64,9606865,3960523
YH391,4분기,골목상권,화양사거리,시계및귀금속,18516209,153,10022605,8493604
YH392,4분기,골목상권,곰달래도서관,시계및귀금속,58926228,168,33658470,25267758
YH393,4분기,골목상권,구의역 4번,시계및귀금속,57763425,219,35819778,21943647
YH394,4분기,골목상권,동대부고,가전제품,503824539,1644,456718063,47106476
YH395,4분기,골목상권,창신역 1번,시계및귀금속,189183,22,189183,0
YH396,4분기,골목상권,대흥역 2번,시계및귀금속,238824293,768,154196821,84627472
YH397,4분기,골목상권,체부동홍종문가옥,시계및귀금속,23919206,120,23919206,0
YH398,4분기,골목상권,종로5가역 4번,시계및귀금속,25120643,86,25120643,0
YH399,4분기,골목상권,신방화역 2번,가구,51634183,63,29595203,22038980
YH400,4분기,골목상권,능동우편취급국,가구,75623486,124,43533257,32090229
YH401,4분기,골목상권,명지대학교,시계및귀금속,24934453,179,14549937,10384516
YH402,4분기,골목상권,장안제일시장,시계및귀금속,6744616,30,6744616,0
YH403,4분기,골목상권,송파나루역 2번,시계및귀금속,11075754,120,10908648,167106
YH404,4분기,골목상권,해방촌 남동측,시계및귀금속,33370652,60,28827174,4543478
YH405,4분기,골목상권,언주역 6번,가구,814636095,133,814636095,0
YH406,4분기,골목상권,묘곡초등학교(고덕아이파크아파트),시계및귀금속,6251959,147,6070516,181443
YH407,4분기,골목상권,논현2동주민센터,시계및귀금속,158820430,123,104480795,54339635
YH408,4분기,골목상권,신월2동주민센터,시계및귀금속,51237823,1018,43960999,7276824
YH409,4분기,골목상권,보라매역 2번,시계및귀금속,3266666,167,3266666,0
YH410,4분기,골목상권,석촌역 6번,시계및귀금속,48174193,111,48174193,0
YH411,4분기,골목상권,당곡중학교,시계및귀금속,13572995,90,7434961,6138034
YH412,4분기,골목상권,대림썬프라자,시계및귀금속,9771273,25,8162913,1608360
YH413,4분기,골목상권,우리은행응암동지점,시계및귀금속,43439128,570,35840062,7599066
YH414,4분기,골목상권,금천구청역 1번 출입구,시계및귀금속,46158218,239,41562396,4595822
YH415,4분기,골목상권,봉천역 6번,시계및귀금속,18000000,8,0,18000000
YH416,4분기,골목상권,상도역 5번,시계및귀금속,25762320,136,22648495,3113825
YH417,4분기,골목상권,석수역 1번 출입구,시계및귀금속,390004,8,390004,0
YH418,4분기,골목상권,남구로역 2번,시계및귀금속,10291267,108,8914863,1376404
YH419,4분기,골목상권,그라운드 고척,시계및귀금속,30202703,50,15202703,15000000
YH420,4분기,골목상권,난우초등학교,가구,35141521,104,26328772,8812749
YH421,4분기,골목상권,관악구신사동주민센터,가전제품,18425884,224,11545891,6879993
YH422,4분기,골목상권,문정초등학교,시계및귀금속,2036048,10,2036048,0
YH423,4분기,골목상권,동대문역 1번,시계및귀금속,7313560,51,5309060,2004500
YH424,4분기,골목상권,남구로역 2번,가구,11781155,52,11781155,0
YH425,4분기,골목상권,문정역 2번,시계및귀금속,34317820,164,34226936,90884
YH426,4분기,골목상권,신림역 8번,가구,1203904173,2835,749014940,454889233
YH427,4분기,골목상권,성자초등학교,시계및귀금속,297000000,522,297000000,0
YH428,4분기,골목상권,신정네거리역 2번,가구,34880621,100,34880621,0
YH429,4분기,골목상권,신풍역 6번(신길6동공영주차장),가구,46788095,202,39953315,6834780
YH430,4분기,골목상권,선일여고,시계및귀금속,2832755,12,2832755,0
YH431,4분기,골목상권,대동초등학교,가구,60544176,306,42243669,18300507
YH432,4분기,골목상권,사당역 10번,시계및귀금속,225462529,403,221859198,3603331
YH433,4분기,발달상권,가산디지털단지,부동산중개업,17506221,5,17506221,0
YH434,4분기,발달상권,군자역,가구,4972202469,4945,2513730440,2458472029
YH435,4분기,발달상권,사당역(사당),부동산중개업,62552773,3846,59027349,3525424
YH436,4분기,발달상권,사당역(사당),시계및귀금속,9846408,336,9568413,277995
YH437,4분기,발달상권,오류동역,시계및귀금속,109851169,630,83625658,26225511
YH438,4분기,발달상권,마들역,시계및귀금속,17579230,189,9403283,8175947
YH439,4분기,발달상권,구산역,시계및귀금속,63050708,258,51610147,11440561
YH440,4분기,골목상권,강동구립성내도서관,시계및귀금속,5047198,10,4946254,100944
YH441,4분기,발달상권,구파발역,시계및귀금속,664391449,652,547038721,117352728
YH442,4분기,발달상권,용산전자상가(용산역),가전제품,1.86E+11,527380,1.12E+11,74730468483
YH443,4분기,골목상권,서울지방병무청,가구,187016200,261,187016200,0
YH444,4분기,골목상권,신대방역 4번,시계및귀금속,25425118,56,25340217,84901
YH445,4분기,발달상권,종로3가역,시계및귀금속,2.32E+11,361899,1.84E+11,47809212416
YH446,4분기,발달상권,금호역,시계및귀금속,84395174,425,55351591,29043583
YH447,4분기,발달상권,장안동사거리,시계및귀금속,15441804,827,13580220,1861584
YH448,4분기,발달상권,양재천카페거리,가구,14091000000,81162,8686924882,5404075118
YH449,4분기,발달상권,연신내역,가전제품,53150027,951,39966662,13183365
YH450,4분기,발달상권,언주역(차병원),가구,395037931,54,342000000,53037931
YH451,4분기,발달상권,압구정역,시계및귀금속,2126754828,28798,991297239,1135457589
YH452,4분기,발달상권,미아사거리,시계및귀금속,1174946732,3090,771030695,403916037
YH453,4분기,발달상권,공릉역,시계및귀금속,21499739,42,14028198,7471541
YH454,4분기,발달상권,영등포역(영등포),가구,1352875596,3399,716112488,636763108
YH455,4분기,발달상권,영등포역(영등포),시계및귀금속,10775953524,79707,5973240744,4802712780
YH456,4분기,발달상권,한성대입구역,가구,224051792,108,203748133,20303659
YH457,4분기,발달상권,본서부병원,가전제품,1379822597,4016,967384645,412437952
YH458,4분기,발달상권,인사동,시계및귀금속,1217553380,28180,448583335,768970045
YH459,4분기,발달상권,서대문역,시계및귀금속,19724506,163,19666451,58055
YH460,4분기,발달상권,"신촌역(신촌역, 신촌로터리)",시계및귀금속,380125297,1785,371348071,8777226
YH461,4분기,발달상권,상봉역,가전제품,1237248484,2589,678897367,558351117
YH462,4분기,발달상권,성수대교남단,가구,297125793,197,183999492,113126301
YH463,4분기,발달상권,명동(명동거리),시계및귀금속,1845557520,3474,1836187985,9369535
YH464,4분기,발달상권,서촌(경복궁역),가전제품,227782536,321,227782536,0
YH465,4분기,발달상권,건대입구역(건대),시계및귀금속,484588141,3190,272365542,212222599
YH466,4분기,발달상권,홍대입구역(홍대),시계및귀금속,95879573,729,71888456,23991117
YH467,4분기,발달상권,용산전자상가(용산역),시계및귀금속,174000000,239,153099621,20900379
YH468,4분기,발달상권,상수역(홍대),부동산중개업,521293644,39574,362300692,158992952
YH469,4분기,발달상권,천호역,가구,325600109,1051,158276572,167323537
YH470,4분기,발달상권,종로3가역,가전제품,6077831,167,4562877,1514954
YH471,4분기,발달상권,홍대입구역(홍대),가전제품,17479616,12,17479616,0
YH472,4분기,발달상권,등촌역,가구,2108182897,2432,1061792325,1046390572
YH473,4분기,발달상권,동대문역,시계및귀금속,31295083,59,8504554,22790529
YH474,4분기,발달상권,장한평역(장한평),가구,15000000,38,15000000,0
YH475,4분기,발달상권,구의사거리,시계및귀금속,25296637,140,19911064,5385573
YH476,4분기,발달상권,굽은다리역,시계및귀금속,67789832,132,41846777,25943055
YH477,4분기,발달상권,구의역,시계및귀금속,34769231,354,33010396,1758835
YH478,4분기,발달상권,중림동,가전제품,18589826,26,16727672,1862154
YH479,4분기,발달상권,코엑스,가전제품,1364810577,4605,947592304,417218273
YH480,4분기,발달상권,명일역,시계및귀금속,57483982,532,53104501,4379481
YH481,4분기,발달상권,아차산역,가전제품,381735504,1332,294852273,86883231
YH482,4분기,발달상권,오목교역,시계및귀금속,1025204622,974,978805559,46399063
YH483,4분기,발달상권,가락시장역,가전제품,6966250,12,6966250,0
YH484,4분기,발달상권,신대방삼거리역,시계및귀금속,22013311,333,15990016,6023295
YH485,4분기,발달상권,오목교역,가구,161149280,79,161149280,0
YH486,4분기,발달상권,오금역,가구,176802777,101,176802777,0
YH487,4분기,발달상권,목동사거리,가전제품,4233848201,5676,1888643001,2345205200
YH488,4분기,발달상권,강남역,가구,92871247,288,92871247,0
YH489,4분기,발달상권,논현역,시계및귀금속,164598012,235,137243028,27354984
YH490,4분기,전통시장,영림시장,시계및귀금속,27334683,220,9613524,17721159
YH491,4분기,발달상권,학동사거리,가구,38093822,663,38093822,0
YH492,4분기,발달상권,신용산역(용산역),가구,5732000000,4198,2855729465,2876270535
YH493,4분기,전통시장,공릉동 도깨비시장,가구,21683518,102,19952908,1730610
YH494,4분기,전통시장,강북종합전통시장(강북종합골목시장),시계및귀금속,1837800,57,1797320,40480
YH495,4분기,전통시장,청량리수산시장,가구,411511432,802,353488052,58023380
YH496,4분기,발달상권,독산동,시계및귀금속,218354939,1300,165180938,53174001
YH497,4분기,전통시장,방학동도깨비시장,시계및귀금속,65941383,424,54423935,11517448
YH498,4분기,발달상권,석촌역(석촌호수),시계및귀금속,10609317,91,10402952,206365
YH499,4분기,발달상권,개봉동 현대아파트,가구,38641861,291,38641861,0
YH500,4분기,전통시장,영천시장,시계및귀금속,58541341,262,53488959,5052382
YH501,4분기,발달상권,선정릉역,가구,120294744,106,102781267,17513477
YH502,4분기,발달상권,남부터미널역,가전제품,2765634765,9504,2612745739,152889026
YH503,4분기,발달상권,보라매역,시계및귀금속,1536089,68,1479822,56267
YH504,4분기,골목상권,먹골역 5번,시계및귀금속,29337447,155,27728638,1608809
YH505,4분기,전통시장,우림시장,시계및귀금속,109923343,451,86598908,23324435
YH506,4분기,골목상권,서일대학교,시계및귀금속,65358737,303,43294840,22063897
YH507,4분기,골목상권,중화역 4번,가구,15795587,89,11514236,4281351
YH508,4분기,전통시장,풍납시장,시계및귀금속,40013142,175,17932014,22081128
YH509,4분기,골목상권,연천초등학교,시계및귀금속,3920703,93,3477290,443413
YH510,4분기,전통시장,대조시장,가구,5833774,67,4831244,1002530
YH511,4분기,전통시장,충신시장,가전제품,41917266,291,41917266,0
YH512,4분기,골목상권,종암경찰서,시계및귀금속,91346680,322,32978796,58367884
YH513,4분기,전통시장,제일시장,시계및귀금속,390099022,2184,231934240,158164782
YH514,4분기,골목상권,상봉역 4번,가구,176083850,230,86762245,89321605
YH515,4분기,전통시장,뚝섬역상점가,시계및귀금속,3560192,127,3560192,0
YH516,4분기,골목상권,청량초등학교,가구,55811852,160,6691644,49120208
YH517,4분기,골목상권,응암3동주민센터,가구,46036946,121,35172810,10864136
YH518,4분기,전통시장,"중곡제일시장(중곡제일골목시장, 광성시장)",시계및귀금속,69408203,218,61529635,7878568
YH519,4분기,전통시장,공항시장,시계및귀금속,91035111,26,91035111,0
YH520,4분기,골목상권,면목동우체국,시계및귀금속,1811806,18,1811806,0
YH521,4분기,골목상권,상신초등학교입구,시계및귀금속,116856,23,116856,0
YH522,4분기,전통시장,고분다리전통시장,시계및귀금속,16736732,44,16736732,0
YH523,4분기,전통시장,성내전통시장,시계및귀금속,6666667,77,4242425,2424242
YH524,4분기,골목상권,성원중학교,가구,277823948,68,260000000,17823948
YH525,4분기,골목상권,사근동살곶이상점가,시계및귀금속,5522613,317,5522613,0
YH526,4분기,골목상권,KB국민은행 망원동지점,가구,5817147,72,4524448,1292699
YH527,4분기,전통시장,용산용문시장,시계및귀금속,4294042,44,4294042,0
YH528,4분기,전통시장,관악신사시장,가구,1876503,57,0,1876503
YH529,4분기,전통시장,낙원시장(낙원지하시장(대일상가)),가전제품,1539168614,10543,1194426894,344741720
YH530,4분기,전통시장,도곡시장,시계및귀금속,570725569,590,442352477,128373092
YH531,4분기,관광특구,동대문패션타운 관광특구,가구,3901380835,13704,2951508628,949872207
YH532,4분기,골목상권,성원중학교,가전제품,280211769,403,277763828,2447941
YH533,4분기,관광특구,강남 마이스 관광특구,가전제품,1364810577,4605,947592304,417218273
YH534,4분기,골목상권,성원중학교,시계및귀금속,73437663,184,69606925,3830738
YH535,4분기,골목상권,푸른들청소년도서관,가구,38964209,98,18420077,20544132
YH536,4분기,골목상권,마포구청역 4번,가전제품,12370045921,3882,7423313969,4946731952
YH537,4분기,골목상권,마천역(마천초등학교),가구,99150338,367,88592440,10557898
YH538,4분기,골목상권,경리단길남측,시계및귀금속,15887939,273,12600779,3287160
YH539,4분기,골목상권,등촌1동주민센터,가구,1072565936,1048,641303165,431262771
YH540,4분기,골목상권,남구로역 5번,시계및귀금속,180475766,413,139642608,40833158
YH541,4분기,골목상권,미아사거리역 3번,가구,4710946,5,4710946,0
YH542,4분기,골목상권,화곡초등학교,시계및귀금속,2720247,120,1898506,821741
YH543,4분기,골목상권,개봉1동주민센터,가전제품,23005540,92,17002770,6002770
YH544,4분기,골목상권,용산구청,시계및귀금속,19542559,193,19542559,0
YH545,4분기,골목상권,신방화역 2번,가전제품,5021283134,3124,3048676449,1972606685
YH546,4분기,골목상권,모래내우체국,가전제품,10876435343,3862,6275814264,4600621079
YH547,4분기,골목상권,천호공원(해공체육문화센터),가구,4678230,48,4678230,0
YH548,4분기,골목상권,금천구립가산도서관,시계및귀금속,1336226,57,1145336,190890
YH549,4분기,골목상권,상계2동주민센터,가구,36290988,77,30790038,5500950
YH550,4분기,골목상권,도봉산입구,시계및귀금속,82217643,301,57853639,24364004
YH551,4분기,골목상권,신대방역 3번,부동산중개업,1425285,282,1266920,158365
YH552,4분기,골목상권,덕의초등학교,시계및귀금속,15237288,111,15099019,138269
YH553,4분기,골목상권,자양동우체국,시계및귀금속,1176100,34,1176100,0
YH554,4분기,골목상권,남천초등학교,시계및귀금속,13619047,30,13619047,0
YH555,4분기,골목상권,구로4동주민센터,시계및귀금속,1466458,24,249610,1216848
YH556,4분기,골목상권,방학역 1번,시계및귀금속,21582865,69,17108063,4474802
YH557,4분기,골목상권,구로초등학교,시계및귀금속,15372357,47,8462560,6909797
YH558,4분기,골목상권,계상초등학교,시계및귀금속,13025408,56,11371761,1653647
YH559,4분기,골목상권,푸른동산공원,시계및귀금속,39000000,49,39000000,0
YH560,4분기,골목상권,마천1치안센터,가전제품,38676093,165,36166261,2509832
YH561,4분기,골목상권,문성초등학교,시계및귀금속,17503991,75,8634558,8869433
YH562,4분기,골목상권,남성역 1번,시계및귀금속,8607537,80,8462691,144846
YH563,4분기,골목상권,봉천역 4번(봉천110안전센터),가구,134000000,538,88282353,45717647
YH564,4분기,골목상권,방배역 3번,가구,183846566,123,166195379,17651187
YH565,4분기,골목상권,광운대역 1번,시계및귀금속,62156355,179,54142788,8013567
YH566,4분기,골목상권,수유동우체국,가구,6856196,90,4963290,1892906
YH567,4분기,골목상권,용두동신동아아파트,시계및귀금속,36022768,54,35992724,30044
YH568,4분기,골목상권,서울여자간호대학교,시계및귀금속,114583,21,114583,0
YH569,4분기,골목상권,석계역 2번,시계및귀금속,13671691,152,11038625,2633066
YH570,4분기,골목상권,돌곶이역 5번,시계및귀금속,21630617,72,20394408,1236209
YH571,4분기,골목상권,공릉동 국수거리,가구,121478304,125,55837732,65640572
YH572,4분기,골목상권,연신내우체국,시계및귀금속,691099,13,691099,0
YH573,4분기,골목상권,대동초등학교,시계및귀금속,2543417,44,2514182,29235
YH574,4분기,골목상권,신내1동주민센터,시계및귀금속,98565654,336,72573738,25991916
YH575,4분기,골목상권,보문역 4번,가구,92690783,269,40471382,52219401
YH576,4분기,발달상권,강남을지병원,시계및귀금속,1024553428,416,82710579,941842849
YH577,4분기,골목상권,학동초등학교,가전제품,79296458,426,79296458,0
YH578,4분기,골목상권,장안근린공원,시계및귀금속,7433900,54,7433900,0
YH579,4분기,골목상권,자양4동주민센터,가구,6970860,72,5389840,1581020
YH580,4분기,골목상권,황학코아루아파트,시계및귀금속,10644394,47,10644394,0
YH581,4분기,골목상권,신길2동우편취급국,시계및귀금속,115103764,592,107675193,7428571
YH582,4분기,골목상권,공항시장역 3번,시계및귀금속,16743265,96,13624892,3118373
YH583,4분기,골목상권,KB국민은행 망원동지점,시계및귀금속,30730526,145,28136580,2593946
YH584,4분기,발달상권,서교동(홍대),시계및귀금속,9417531,169,4843301,4574230
YH585,4분기,골목상권,중곡역 3번,시계및귀금속,1996463,23,23215,1973248
YH586,4분기,골목상권,신월3동주민센터,가구,6024523,82,1610354,4414169
YH587,4분기,발달상권,삼호가든사거리,시계및귀금속,26890432,801,12091067,14799365
YH588,4분기,관광특구,잠실 관광특구,시계및귀금속,1907491461,3546,1823677803,83813658
YH589,4분기,골목상권,화곡역 4번,가구,76547388,1124,76547388,0
YH590,4분기,관광특구,명동 남대문 북창동 다동 무교동 관광특구,가전제품,488086798,2979,400687635,87399163
YH591,4분기,관광특구,강남 마이스 관광특구,시계및귀금속,1463361463,1487,1078494961,384866502
YH592,4분기,골목상권,신림현대아파트,가전제품,19664577,214,18529258,1135319
YH593,4분기,골목상권,화곡2동주민센터,시계및귀금속,3398150,11,3398150,0
YH594,4분기,골목상권,암사동성당(효정하나플러스아파트),시계및귀금속,13639534,48,11917150,1722384
YH595,4분기,골목상권,솔숲어린이공원,가구,2395933,12,2189387,206546
YH596,4분기,골목상권,신림역 8번,가전제품,4367803641,1966,2604282276,1763521365
YH597,4분기,골목상권,충정로역 6번,가구,2809904920,3157,2281045933,528858987
YH598,4분기,골목상권,장승배기역 5번,가구,18000000,33,14385960,3614040
YH599,4분기,골목상권,삼성산자연공원(서울금천초등학교),가구,4837005,38,4837005,0
YH600,4분기,골목상권,연신내역 7번,시계및귀금속,24290268,749,20835519,3454749
YH601,4분기,골목상권,남구로역 3번,가전제품,2579814,52,2579814,0
YH602,4분기,골목상권,원신초등학교(구세군관악영문교회),가전제품,68791259,373,44094307,24696952
YH603,4분기,골목상권,성남고등학교,시계및귀금속,2163191,7,2163191,0
YH604,4분기,골목상권,방학중학교,시계및귀금속,62391042,72,32421502,29969540
YH605,4분기,골목상권,영신초등학교,시계및귀금속,88340148,153,83456215,4883933
YH606,4분기,골목상권,도봉구 정병원,가전제품,462932936,307,332637242,130295694
YH607,4분기,골목상권,헌인가구단지,가구,192189321,465,64514970,127674351
YH608,4분기,골목상권,평창동서측,시계및귀금속,7667858,13,7667858,0
YH609,4분기,골목상권,고대앞사거리,가전제품,4545455,114,4545455,0
YH610,4분기,골목상권,남부초등학교,시계및귀금속,2704059,6,2619455,84604
YH611,4분기,골목상권,독산동정훈단지,시계및귀금속,40837812,127,29864978,10972834
YH612,4분기,골목상권,서초동성당,가구,858797224,260,593077697,265719527
YH613,4분기,골목상권,당고개역 5번,가전제품,12070176,158,10929825,1140351
YH614,4분기,골목상권,쌍문2동우체국,가구,27640858,315,17574386,10066472
YH615,4분기,골목상권,서문여고,가구,13423579,163,13423579,0
YH616,4분기,골목상권,거여역 1번(거여공원),가전제품,163307042,501,124664258,38642784
YH617,4분기,골목상권,방이역 1번,가구,4671681,19,4671681,0
YH618,4분기,골목상권,4.19민주묘지역 2번,시계및귀금속,35476553,233,34310519,1166034
YH619,4분기,골목상권,창2동주민센터,가구,96039582,42,96039582,0
YH620,4분기,발달상권,양재화물트럭터미널앞,시계및귀금속,757958,15,757958,0
YH621,4분기,발달상권,포스코사거리,시계및귀금속,46820742,134,46820742,0
YH622,4분기,골목상권,석관중앙교회,가구,11487607,122,8128023,3359584
YH623,4분기,발달상권,영등포역(영등포),부동산중개업,30672573,613,30672573,0
YH624,4분기,발달상권,노원역,시계및귀금속,526520107,37744,358227295,168292812
YH625,4분기,골목상권,송중초등학교,시계및귀금속,3117204,25,3117204,0
YH626,4분기,골목상권,한성대입구역 5번,가구,312292787,585,97292787,215000000
YH627,4분기,골목상권,은평구청,가구,5912736,20,4927280,985456
YH628,4분기,발달상권,방배역,시계및귀금속,67505612,586,61322538,6183074
YH629,4분기,골목상권,모래내우체국,시계및귀금속,41058201,132,30093404,10964797
YH630,4분기,발달상권,대치역,가전제품,3369427465,7492,2231982374,1137445091
YH631,4분기,골목상권,내를건너서숲으로도서관,가전제품,3882280,69,3882280,0
YH632,4분기,발달상권,장지역(가든파이브),가전제품,1064096340,918,1050577371,13518969
YH633,4분기,골목상권,까치산역 4번,시계및귀금속,88745856,287,81744224,7001632
YH634,4분기,골목상권,강동역 4번(강풀만화거리),시계및귀금속,219601,30,219601,0
YH635,4분기,골목상권,공항시장역 1번,시계및귀금속,95521252,182,90780449,4740803
YH636,4분기,골목상권,신설동역 12번,가구,4719764,118,4719764,0
YH637,4분기,골목상권,개화산역 1번,가전제품,376126455,3411,257049784,119076671
YH638,4분기,골목상권,뜸부기어린이공원,가구,305490363,590,264512095,40978268
YH639,4분기,골목상권,달마을공원,시계및귀금속,15728889,140,14158803,1570086
YH640,4분기,골목상권,암사역 2번(서울강동초등학교),가전제품,4322442400,1734,2626280447,1696161953
YH641,4분기,골목상권,천호지구대(천호동자전거거리),시계및귀금속,8778570,40,5068952,3709618
YH642,4분기,골목상권,화원중학교,가구,578746301,1347,384317262,194429039
YH643,4분기,골목상권,굽은다리역 3번,부동산중개업,719811,99,571679,148132
YH644,4분기,골목상권,굽은다리역 4번,시계및귀금속,6576560,214,6139604,436956
YH645,4분기,골목상권,효창공원앞역 5번,가구,35782394,60,35782394,0
YH646,4분기,골목상권,경의선책거리,가구,10143936,8,10143936,0
YH647,4분기,골목상권,해오름공원,시계및귀금속,12729666,139,6501556,6228110
YH648,4분기,골목상권,응암정보도서관,시계및귀금속,91442342,230,83197659,8244683
YH649,4분기,골목상권,아현역 1번,시계및귀금속,7124941,126,5968256,1156685
YH650,4분기,골목상권,동대문역 1번,가전제품,11359843,77,3601901,7757942
YH651,4분기,골목상권,관악구 중앙길,가구,1030805,14,1030805,0
YH652,4분기,골목상권,신풍역 1번,시계및귀금속,1729730,22,972973,756757
YH653,4분기,골목상권,노량진역 6번,시계및귀금속,583599,35,554708,28891
YH654,4분기,골목상권,신길3동주민센터,부동산중개업,25163440,4469,17285166,7878274
YH655,4분기,골목상권,장훈고등학교,시계및귀금속,13615145,48,13537344,77801
YH656,4분기,골목상권,구로4동주민센터,가전제품,100229171,2203,88495733,11733438
YH657,4분기,골목상권,서울대입구역 8번,시계및귀금속,45662,9,45662,0
YH658,4분기,골목상권,난곡초등학교(난곡동벽화마을),가구,16680407,43,13890004,2790403
YH659,4분기,골목상권,삼전역 4번,가전제품,168821,5,168821,0
YH660,4분기,골목상권,원신초등학교(구세군관악영문교회),가구,3807028,29,0,3807028
YH661,4분기,골목상권,시흥4동주민센터(서울신흥초등학교),가구,29535601,45,29535601,0
YH662,4분기,골목상권,신월7동주민센터,시계및귀금속,2133366,41,2051510,81856
YH663,4분기,골목상권,개봉1동주민센터,시계및귀금속,6538555,133,4167577,2370978
YH664,4분기,골목상권,상도역 5번,가전제품,7832618,21,3755365,4077253
YH665,4분기,골목상권,영등포동성당,가전제품,300078700,976,237064611,63014089
YH666,4분기,발달상권,상계백병원,시계및귀금속,1848873,40,1049361,799512
YH667,4분기,발달상권,양재화물트럭터미널앞,가구,3398147262,494,3077352442,320794820
YH668,4분기,발달상권,등나무근린공원,시계및귀금속,135126350,691,57635592,77490758
YH669,4분기,발달상권,"강남구청(청담역_8번, 강남세무서)",가구,6418354277,1082,2732171981,3686182296
YH670,4분기,발달상권,강남역,시계및귀금속,440775904,3064,313770131,127005773
YH671,4분기,발달상권,상봉역,가구,78205678,146,7904322,70301356
YH672,4분기,골목상권,신월3동주민센터,가전제품,142094175,826,108063691,34030484
YH673,4분기,발달상권,구로전화국,가전제품,193960914,908,124737575,69223339
YH674,4분기,발달상권,서울대입구역,시계및귀금속,364487898,692,298244435,66243463
YH675,4분기,발달상권,장지역(가든파이브),가구,2558195609,3031,809403026,1748792583
YH676,4분기,발달상권,목동사거리,시계및귀금속,32755386,144,28256020,4499366
YH677,4분기,발달상권,미아사거리역,시계및귀금속,68619819,810,44314180,24305639
YH678,4분기,발달상권,명동역(명동재미로),가전제품,69589038,8141,69589038,0
YH679,4분기,발달상권,도곡1동,가전제품,28000000,28,11254902,16745098
YH680,4분기,발달상권,충무로역,부동산중개업,721402516,64882,624350512,97052004
YH681,4분기,발달상권,석촌역(석촌호수),가구,485689716,437,417967663,67722053
YH682,4분기,발달상권,미아사거리,가전제품,159102380,466,130221795,28880585
YH683,4분기,발달상권,공릉역,가전제품,1216599614,2517,488308311,728291303
YH684,4분기,발달상권,성신여대,시계및귀금속,138871761,1080,63501965,75369796
YH685,4분기,발달상권,본서부병원,시계및귀금속,7549581,66,7130894,418687
YH686,4분기,발달상권,압구정로데오역(압구정로데오),시계및귀금속,2439234499,4416,1495043483,944191016
YH687,4분기,발달상권,이태원(이태원역),시계및귀금속,521836923,838,293158991,228677932
YH688,4분기,발달상권,"이화여대(이대역, 이대)",가구,53868186,528,53868186,0
YH689,4분기,발달상권,종로구청,시계및귀금속,2924792597,1934,2924792597,0
YH690,4분기,발달상권,청량리역(청량리),시계및귀금속,33767682,79,33300536,467146
YH691,4분기,발달상권,약수역,시계및귀금속,78961179,567,39534187,39426992
YH692,4분기,발달상권,용산전자상가(용산역),가구,5760853,56,4645849,1115004
YH693,4분기,발달상권,을지로3가역,가구,1215387441,7856,1184324762,31062679
YH694,4분기,발달상권,마포역,시계및귀금속,13321133,453,12969254,351879
YH695,4분기,발달상권,목동사거리,가구,297837967,581,177778840,120059127
YH696,4분기,발달상권,둔촌역,가구,205082828,296,112448022,92634806
YH697,4분기,발달상권,코엑스,시계및귀금속,9242980,15,9242980,0
YH698,4분기,발달상권,포이사거리(삼호물산),시계및귀금속,12950790,116,12868161,82629
YH699,4분기,발달상권,논현역 5번,가구,2076000000,859,1384000000,692000000
YH700,4분기,발달상권,신용산역(용산역),시계및귀금속,25801628,148,23307092,2494536
YH701,4분기,발달상권,신논현역,시계및귀금속,3264586781,2756,3264586781,0
YH702,4분기,발달상권,여의도역(여의도),시계및귀금속,434139006,1768,378017880,56121126
YH703,4분기,발달상권,신도림역,시계및귀금속,570340780,2636,485262720,85078060
YH704,4분기,발달상권,"총신대입구역(이수, 총신대)",시계및귀금속,308969977,814,266405785,42564192
YH705,4분기,전통시장,방산종합시장(방산시장),가구,1386000000,34689,1174039764,211960236
YH706,4분기,전통시장,창동역상점가,시계및귀금속,269866666,520,179590243,90276423
YH707,4분기,발달상권,"총신대입구역(이수, 총신대)",가구,117408053,200,117408053,0
YH708,4분기,발달상권,삼성역,시계및귀금속,1454118483,1472,1069251981,384866502
YH709,4분기,발달상권,구로전화국,가구,74642447,1241,33160635,41481812
YH710,4분기,발달상권,강동구청역,가전제품,4172767465,1830,2283129366,1889638099
YH711,4분기,발달상권,강남구청역,가구,1319653510,976,965970173,353683337
YH712,4분기,발달상권,방배동가구거리(사당동가구거리),가구,2148107868,3120,1353458423,794649445
YH713,4분기,발달상권,성수대교남단,시계및귀금속,498000000,1978,498000000,0
YH714,4분기,전통시장,대명여울빛거리시장(대명시장),시계및귀금속,21000000,169,19002507,1997493
YH715,4분기,전통시장,황학동주방가구거리상점가,가구,3511838549,8712,2813264267,698574282
YH716,4분기,전통시장,독산동 우시장,시계및귀금속,1690141,8,1690141,0
YH717,4분기,전통시장,정릉시장,시계및귀금속,29516932,369,5567803,23949129
YH718,4분기,전통시장,백학시장,가전제품,47261243,676,32462269,14798974
YH719,4분기,전통시장,연희사러가,가전제품,73933558,3191,50505391,23428167
YH720,4분기,전통시장,연희사러가,시계및귀금속,3876338,133,1282768,2593570
YH721,4분기,전통시장,전곡시장,가구,44874140,107,41327387,3546753
YH722,4분기,전통시장,신월3동 골목시장,가전제품,38381308,284,2806222,35575086
YH723,4분기,전통시장,황학동주방가구거리상점가,가전제품,226680388,725,225643399,1036989
YH724,4분기,전통시장,광장시장(광장전통시장),시계및귀금속,403055867,879,335450766,67605101
YH725,4분기,전통시장,행당시장상점가,가구,6453129,50,6453129,0
YH726,4분기,전통시장,"이화여대 3,5,7길 상점가",시계및귀금속,74235854,4773,46863939,27371915
YH727,4분기,전통시장,금남시장,시계및귀금속,172330756,377,118661698,53669058
YH728,4분기,전통시장,목2동시장,시계및귀금속,44212295,163,20159777,24052518
YH729,4분기,전통시장,"동대문종합시장(동대문종합시장 신관, 동대문종합시장D동상가)",시계및귀금속,3040896,211,3040896,0
YH730,4분기,전통시장,충신시장,시계및귀금속,69000000,54,65376636,3623364
YH731,4분기,전통시장,세종마을음식문화거리(금천교시장),시계및귀금속,3205882,235,3205882,0
YH732,4분기,전통시장,숭례문수입상가(남대문시장),가전제품,209679789,1814,171499511,38180278
YH733,4분기,전통시장,신노량진시장(기능상실),시계및귀금속,48510370,137,27875840,20634530
YH734,4분기,전통시장,영동전통시장,가구,49700450,45,49700450,0
YH735,4분기,전통시장,남구로시장,시계및귀금속,48853985,220,34816754,14037231
YH736,4분기,전통시장,봉천현대시장,시계및귀금속,38065744,138,32888803,5176941
YH737,4분기,전통시장,신림중앙시장(조원동 펭귄시장),시계및귀금속,31114901,54,18312388,12802513
YH738,4분기,전통시장,남성역골목시장,가구,50317516,50,50317516,0
YH739,4분기,전통시장,서서울 골목형상점가,가전제품,42194162,213,41407019,787143
YH740,4분기,전통시장,신원시장,시계및귀금속,1239519,6,1239519,0
YH741,4분기,전통시장,성대전통시장(성대시장),시계및귀금속,12656446,70,4990427,7666019
YH742,4분기,전통시장,석촌시장,가구,2525367,24,2124515,400852
YH743,4분기,전통시장,삼성동 시장(삼성동시장),시계및귀금속,5099718,46,5099718,0
YH744,4분기,관광특구,동대문패션타운 관광특구,시계및귀금속,749082488,3642,530283060,218799428
YH745,4분기,관광특구,잠실 관광특구,가구,16133358,46,16133358,0
YH746,4분기,골목상권,신림현대아파트,가구,47129165,238,47129165,0
YH747,4분기,골목상권,길상사,가구,7865247,8,2078991,5786256
YH748,4분기,골목상권,우장산역 4번,시계및귀금속,56499062,434,54726079,1772983
YH749,4분기,골목상권,가산초등학교(세일중학교),가구,682088226,1275,450239615,231848611
YH750,4분기,골목상권,상계2동주민센터,가전제품,499706737,1161,395833857,103872880
YH751,4분기,골목상권,쌍문2동우체국,가전제품,28490566,113,28490566,0
YH752,4분기,골목상권,수락산디자인거리,가구,111194006,256,50465300,60728706
YH753,4분기,골목상권,선정중학교,가구,2099694,28,325815,1773879
YH754,4분기,골목상권,장스여성병원,시계및귀금속,6900787,140,3198188,3702599
YH755,4분기,골목상권,망우본동주민센터,가구,32766785,11,32766785,0
YH756,4분기,골목상권,보문역 5번,시계및귀금속,6219544,70,4899747,1319797
YH757,4분기,골목상권,아차산역 5번,가구,1857619608,1621,755435833,1102183775
YH758,4분기,골목상권,면목5동주민센터,시계및귀금속,992751,20,992751,0
YH759,4분기,골목상권,상월곡역 1번,시계및귀금속,2127925,15,2127925,0
YH760,4분기,골목상권,이태원엔틱가구거리,가구,204036435,297,144312705,59723730
YH761,4분기,골목상권,서울역 15번,가구,14347377,102,13201517,1145860
YH762,4분기,골목상권,충정로역 7번,가구,51681504,164,12960050,38721454
YH763,4분기,골목상권,공항시장역 1번,가구,44571571,210,31970184,12601387
YH764,4분기,골목상권,오산중학교,시계및귀금속,5442126,33,5367889,74237
YH765,4분기,골목상권,발산역 5번,가구,12541283430,16563,5332392708,7208890722
YH766,4분기,골목상권,황학동벼룩시장,가전제품,168613047,680,130079747,38533300
YH767,4분기,골목상권,길동주민센터(강동도서관),시계및귀금속,77311390,156,77311390,0
YH768,4분기,골목상권,신월1파출소,시계및귀금속,4701493,15,4701493,0
YH769,4분기,골목상권,신월중학교,시계및귀금속,60203825,590,54611171,5592654
YH770,4분기,골목상권,신방화역 2번,시계및귀금속,136947800,353,92832580,44115220
YH771,4분기,골목상권,강서고등학교,시계및귀금속,19150369,59,19150369,0
YH772,4분기,골목상권,신당역 3번,가구,431989435,836,214684667,217304768
YH773,4분기,골목상권,망리단길,가전제품,566258104,487,279420056,286838048
YH774,4분기,골목상권,아현역 2번,가전제품,10680306,619,6802033,3878273
YH775,4분기,골목상권,구반포역,가전제품,21263059,374,19904397,1358662
YH776,4분기,골목상권,대림역 5번,시계및귀금속,3810599,70,3428533,382066
YH777,4분기,골목상권,삼전역 1번,가구,83766956,247,83766956,0
YH778,4분기,골목상권,은천초등학교(은천교앞),시계및귀금속,52554279,2153,52554279,0
YH779,4분기,골목상권,삼성산자연공원(서울금천초등학교),시계및귀금속,12479973,74,9180246,3299727
YH780,4분기,골목상권,방배초등학교,가구,81355025,81,81355025,0
YH781,4분기,골목상권,시흥4동주민센터(서울신흥초등학교),시계및귀금속,17107600,89,9697394,7410206
YH782,4분기,골목상권,구로4동주민센터,가구,118000000,33,118000000,0
YH783,4분기,골목상권,논현초등학교,가전제품,25696000,91,25696000,0
YH784,4분기,골목상권,노량진초등학교,가구,26234996,126,8112830,18122166
YH785,4분기,골목상권,서초중학교,시계및귀금속,15522127,244,15522127,0
YH786,4분기,골목상권,오류2동버들시장,가구,26442125,112,26442125,0
YH787,4분기,발달상권,한강성심병원,부동산중개업,160963026,11795,160963026,0
YH788,4분기,발달상권,등나무근린공원,가구,2081184290,2779,1192142592,889041698
YH789,4분기,발달상권,둔촌역,시계및귀금속,36122326,308,26559036,9563290
YH790,4분기,발달상권,공덕역(공덕오거리),부동산중개업,14062296,26,14062296,0
YH791,4분기,발달상권,노원역,가구,78304543,275,38022878,40281665
YH792,4분기,발달상권,청담사거리(청담동명품거리),가구,15235681466,3011,11133976861,4101704605
YH793,4분기,발달상권,까치산역,시계및귀금속,36898650,162,30728307,6170343
YH794,4분기,발달상권,양재역,시계및귀금속,116428794,1037,101947461,14481333
YH795,4분기,발달상권,학동역,가구,11554317705,13044,8388256705,3166061000
YH796,4분기,발달상권,명동역(명동재미로),시계및귀금속,2060862324,885,2060862324,0
YH797,4분기,발달상권,오금역,시계및귀금속,11280995,103,9685600,1595395
YH798,4분기,발달상권,도곡1동,가구,309792415,274,259424665,50367750
YH799,4분기,발달상권,연신내역,시계및귀금속,86558514,631,54262920,32295594
YH800,4분기,발달상권,목동역 8번출구,시계및귀금속,474976390,1288,316253971,158722419
YH801,4분기,발달상권,영등포역(영등포),가전제품,424547780,1565,222328424,202219356
YH802,4분기,발달상권,"강남구청(청담역_8번, 강남세무서)",가전제품,73833282,778,73833282,0
YH803,4분기,발달상권,동묘앞역(동묘),가전제품,69445872,342,60671123,8774749
YH804,4분기,발달상권,북촌(안국역),시계및귀금속,679183916,538,448038695,231145221
YH805,4분기,발달상권,구삼강변맛길,가구,45000000,161,29290263,15709737
YH806,4분기,발달상권,명일역,가구,6274880,42,3086387,3188493
YH807,4분기,발달상권,명동(명동거리),가전제품,41954471,22,10409756,31544715
YH808,4분기,발달상권,발산역(마곡),가구,3653741,37,3653741,0
YH809,4분기,발달상권,논현역,가구,9606986808,4392,6952596495,2654390313
YH810,4분기,발달상권,영등포구청역,부동산중개업,58793087,235,58793087,0
YH811,4분기,발달상권,고속터미널(고속터미널역),시계및귀금속,22003713893,40792,18566762421,3436951472
YH812,4분기,발달상권,개나리아파트,가구,290233314,308,192632730,97600584
YH813,4분기,발달상권,가산디지털단지,가전제품,1226789528,5628,403159315,823630213
YH814,4분기,전통시장,유진상가,시계및귀금속,28526470,246,27813185,713285
YH815,4분기,전통시장,"수유전통시장(수유시장, 수유골목시장)",가전제품,301453788,3046,247831914,53621874
YH816,4분기,전통시장,"수유전통시장(수유시장, 수유골목시장)",시계및귀금속,117306891,232,69720438,47586453
YH817,4분기,전통시장,우이골목시장(우이시장),가구,7220081,64,1789047,5431034
YH818,4분기,발달상권,강남구청역,시계및귀금속,112632677,370,45737081,66895596
YH819,4분기,발달상권,신림역(신림),가구,125197645,391,63576929,61620716
YH820,4분기,발달상권,르네상스호텔사거리,시계및귀금속,22756098,464,15682928,7073170
YH821,4분기,발달상권,송파사거리(송파역),가구,19233444,238,19233444,0
YH822,4분기,발달상권,대치사거리,부동산중개업,195000000,25980,152358826,42641174
YH823,4분기,전통시장,화양제일골목시장,시계및귀금속,33155683,19,33146048,9635
YH824,4분기,전통시장,이태원시장,시계및귀금속,2565805,38,2565805,0
YH825,4분기,전통시장,제일시장,가구,948175191,1336,556152410,392022781
YH826,4분기,전통시장,수유프라자,시계및귀금속,106624291,374,29461975,77162316
YH827,4분기,전통시장,방신전통시장,시계및귀금속,50502809,50,37760133,12742676
YH828,4분기,전통시장,"황학시장(서울중앙시장, 신중앙시장)",시계및귀금속,173618989,480,19549940,154069049
YH829,4분기,전통시장,청량리전통시장,시계및귀금속,69022423,128,57926801,11095622
YH830,4분기,전통시장,"황학시장(서울중앙시장, 신중앙시장)",가구,80397913,708,59650064,20747849
YH831,4분기,전통시장,길동복조리시장,시계및귀금속,56855390,293,55887457,967933
YH832,4분기,전통시장,망원월드컵시장,가구,54643462,164,27628716,27014746
YH833,4분기,전통시장,답십리 건축자재시장,가구,2490253454,61745,2490253454,0
YH834,4분기,전통시장,"평화시장(통일상가, 동화상가)",시계및귀금속,596549155,3322,377749727,218799428
YH835,4분기,전통시장,망원시장,시계및귀금속,11277845,66,11251483,26362
YH836,4분기,전통시장,강남터미널지하도상점가2구역,가구,169658638,2856,84674040,84984598
YH837,4분기,전통시장,영림시장,가구,4802568,80,4802568,0
YH838,4분기,전통시장,남대문시장(자유상가),가구,17579569,91,17579569,0
YH839,4분기,전통시장,사당시장,가전제품,1717168478,877,1215172326,501996152
YH840,4분기,관광특구,이태원 관광특구,가구,172776863,135,135321351,37455512
YH841,4분기,골목상권,신원동주민센터,시계및귀금속,66637494,257,33345366,33292128
YH842,4분기,골목상권,방배초등학교,시계및귀금속,2251838,134,2098528,153310
YH843,4분기,골목상권,영신여고,시계및귀금속,8395588,95,259415,8136173
YH844,4분기,골목상권,가산동우체국,시계및귀금속,66913871,83,58450287,8463584
YH845,4분기,골목상권,공릉역 2번,시계및귀금속,5891684,56,5791613,100071
YH846,4분기,골목상권,창덕궁,시계및귀금속,1965000000,3753,678448866,1286551134
YH847,4분기,골목상권,관악해태어린이공원,부동산중개업,870000000,7847,823557190,46442810
YH848,4분기,골목상권,영신초등학교,가구,309301360,765,187322410,121978950
YH849,4분기,골목상권,시흥동 은행나무사거리,시계및귀금속,12083938,80,12083938,0
YH850,4분기,골목상권,방학역 1번,가구,10785124,96,3115703,7669421
YH851,4분기,골목상권,중곡3동주민센터,가구,107387614,454,63211113,44176501
YH852,4분기,골목상권,성신여대운정그린캠퍼스,가구,967532591,2553,563314022,404218569
YH853,4분기,골목상권,호림박물관(성보고등학교),시계및귀금속,3934024,24,3934024,0
YH854,4분기,골목상권,문성초등학교,가전제품,387564122,3951,281134303,106429819
YH855,4분기,골목상권,상계초등학교,시계및귀금속,1927422,72,1653353,274069
YH856,4분기,골목상권,홍은종합사회복지관,시계및귀금속,70326326,218,31887888,38438438
YH857,4분기,골목상권,먹골역 5번,가전제품,3578169,169,3578169,0
YH858,4분기,골목상권,광산사거리,시계및귀금속,52871749,423,52871749,0
